Наименование,Url_товара,Url_изображения,Категория,Полная цена,Цена соскидкой
Сыр Фета Sveza Савушкин 45% 200г Беларусь БЗМЖ,https://www.okeydostavka.ru/msk/skidki/bzmzh-syr-feta-sveza-savushkin-45-200g-belarus-,https://www.okeydostavka.ru/wcsstore/OKMarketCAS/cat_entries/915205/915205_thumbnail.jpg,"Молочные продукты, сыры, яйцо/Сыры/Рассольные сыры","168,99","119,99"
"Молоко Parmalat ультрапастеризованное 3,5% 1л БЗМЖ",https://www.okeydostavka.ru/msk/bzmzh-moloko-utp-parmalat-3-5-1l,https://www.okeydostavka.ru/wcsstore/OKMarketCAS/cat_entries/354660/354660_thumbnail.jpg,"Молочные продукты, сыры, яйцо/Молочные продукты/Молоко и сливки","120,99","104,99"
"Свинина карбонад, кг",https://www.okeydostavka.ru/msk/svinina-karbonad-p-f-okhlazhdennyi-kg,https://www.okeydostavka.ru/wcsstore/OKMarketCAS/cat_entries/527775/527775_thumbnail.jpg,Акции/Всегда свежие продукты,"479,00","329,99"
"Кабачки, кг",https://www.okeydostavka.ru/msk/skidki/kabachki-kg-18870-parent,https://www.okeydostavka.ru/wcsstore/OKMarketCAS/cat_entries/18870/18870_thumbnail.jpg,Овощи и фрукты/Овощи,"119,99","99,99"
"Филе грудки индейки, кг",https://www.okeydostavka.ru/msk/file-grudki-indeiki-p-f-okhlazhdennyi-kg,https://www.okeydostavka.ru/wcsstore/OKMarketCAS/cat_entries/18546/18546_thumbnail.jpg,Акции/Всегда свежие продукты,"569,00","449,99"
Молоко ультрапастеризованное Северная долина...,https://www.okeydostavka.ru/msk/skidki/bzmzh-moloko-utp-severnaia-dolina-3-2-950g-t-p,https://www.okeydostavka.ru/wcsstore/OKMarketCAS/cat_entries/701644/701644_thumbnail.jpg,"Молочные продукты, сыры, яйцо/Молочные продукты/Молоко и сливки","79,99","69,99"
"Грибы шампиньоны, 400г упак",https://www.okeydostavka.ru/msk/skidki/griby-shampin-ony-400g-upak,https://www.okeydostavka.ru/wcsstore/OKMarketCAS/cat_entries/798583/798583_thumbnail.jpg,Овощи и фрукты/Овощи,"149,99","119,99"
"Молоко О`КЕЙ ультрапастеризованное 3,2% 975мл БЗМЖ",https://www.okeydostavka.ru/msk/skidki/bzmzh-moloko-utp-o-kei-3-2-975ml-tva-kryshka,https://www.okeydostavka.ru/wcsstore/OKMarketCAS/cat_entries/851352/851352_thumbnail.jpg,"Молочные продукты, сыры, яйцо/Молочные продукты/Молоко и сливки","99,99","79,99"
Редис 500г,https://www.okeydostavka.ru/msk/skidki/redis-500g-upak,https://www.okeydostavka.ru/wcsstore/OKMarketCAS/cat_entries/234661/234661_thumbnail.jpg,Овощи и фрукты/Овощи,"119,99","99,99"
Масло сливочное Вкуснотеево Традиционное 200г...,https://www.okeydostavka.ru/msk/skidki/bzmzh-maslo-sliv-vkusnoteevo-tradits-200g-82-5-,https://www.okeydostavka.ru/wcsstore/OKMarketCAS/cat_entries/790973/790973_thumbnail.jpg,"Молочные продукты, сыры, яйцо/Молочные продукты/Масло сливочное и маргарин","239,00","199,99"
Йогурт греческий Teos натуральный 2% 140г БЗМЖ,https://www.okeydostavka.ru/msk/skidki/bzmzh-iogurt-grecheskii-teos-natural-nyi-2-140g-p-st-,https://www.okeydostavka.ru/wcsstore/OKMarketCAS/cat_entries/783007/783007_thumbnail.jpg,"Молочные продукты, сыры, яйцо/Молочные продукты/Йогурты и творожки","48,49","39,99"
Масло подсолнечное Altero Golden с добавлением...,https://www.okeydostavka.ru/msk/maslo-podsolnechnoe-altero-golden-s-dobavleniem-,https://www.okeydostavka.ru/wcsstore/OKMarketCAS/cat_entries/127857/127857_thumbnail.jpg,"Растительные масла, соусы и приправы/Масло растительное","155,99","109,99"
Вода Святой Источник питьевая негазированная 5л,https://www.okeydostavka.ru/msk/voda-sviatoi-istochnik-pit-ev-negaz-5-0l-pet,https://www.okeydostavka.ru/wcsstore/OKMarketCAS/cat_entries/728294/728294_thumbnail.jpg,Горячие и холодные напитки/Вода,"129,99","109,99"
"Голень цыпленка Петелинка, кг",https://www.okeydostavka.ru/msk/skidki/golen-tsyplenka-okhlazhdennaia-petelinka-podlozhka-kg,https://www.okeydostavka.ru/wcsstore/OKMarketCAS/cat_entries/439758/439758_thumbnail.jpg,Акции/Всегда свежие продукты,"374,00","299,99"
"Голень индейки О`КЕЙ Daily, кг",https://www.okeydostavka.ru/msk/skidki/golen-indeiki-okhlazhdennaia-tchn-okei-daily-kg,https://www.okeydostavka.ru/wcsstore/OKMarketCAS/cat_entries/764036/764036_thumbnail.jpg,Акции/Мясные продукты,"249,99","219,99"
Корм влажный FELIX® для кошек с кроликом в желе...,https://www.okeydostavka.ru/msk/skidki/korm-vlazhnyi-felix-dlia-koshek-s-krolikom-v-zhele-75g-,https://www.okeydostavka.ru/wcsstore/OKMarketCAS/cat_entries/948970/948970_thumbnail.jpg,Товары для животных/Корм для кошек,"29,49","23,99"
Крупа гречневая Агро-Альянс Экстра элитная 900г,https://www.okeydostavka.ru/msk/skidki/krupa-grechnevaia-agro-al-ians-ekstra-elitnaia-900g,https://www.okeydostavka.ru/wcsstore/OKMarketCAS/cat_entries/144357/144357_thumbnail.jpg,Бакалея и консервы/Крупы и бобовые,"143,99","84,99"
"Бедро цыпленка О`КЕЙ Daily, кг",https://www.okeydostavka.ru/msk/skidki/bedro-tsyplenka-okhlazhdennoe-tchn-okei-daily-kg,https://www.okeydostavka.ru/wcsstore/OKMarketCAS/cat_entries/750848/750848_thumbnail.jpg,Акции/Мясные продукты,"246,99","169,99"
Горошек Green Ray зеленый 425мл,https://www.okeydostavka.ru/msk/goroshek-zelenyi-green-ray-425ml,https://www.okeydostavka.ru/wcsstore/OKMarketCAS/cat_entries/463092/463092_thumbnail.jpg,Бакалея и консервы/Консервы/Овощи и грибы консервированные,"109,99","79,99"
Голубика 125г,https://www.okeydostavka.ru/msk/skidki/golubika-125g-upak,https://www.okeydostavka.ru/wcsstore/OKMarketCAS/cat_entries/233805/233805_thumbnail.jpg,Акции/Всегда свежие продукты,"189,99","129,99"
Туалетная бумага Papia Белая 3-слойная 8шт,https://www.okeydostavka.ru/msk/tualetnaia-bumaga-papia-belaia-3sl-8sht-816545-parent,https://www.okeydostavka.ru/wcsstore/OKMarketCAS/cat_entries/816545/816545_thumbnail.jpg,Косметика и гигиена/Гигиенические и бумажные товары,"384,00","169,99"
Десерт Фрутоняня яблоко-банан-клубника с 7...,https://www.okeydostavka.ru/msk/skidki/desert-frutoniania-iabloko-banan-klubnika-s-7mes-90g-,https://www.okeydostavka.ru/wcsstore/OKMarketCAS/cat_entries/714912/714912_thumbnail.jpg,Детские товары и игрушки/Детское питание/Пюре детское,"59,99","42,99"
"Говядина лопатка без кости, кг",https://www.okeydostavka.ru/msk/skidki/goviadina-lopatka-bez-kosti-p-f-okhlazhdennyi-kg-8151-parent,https://www.okeydostavka.ru/wcsstore/OKMarketCAS/cat_entries/8151/8151_thumbnail.jpg,Акции/Всегда свежие продукты,"829,00","699,99"
"Биойогурт Актибио Натуральный 3,5% 130г БЗМЖ",https://www.okeydostavka.ru/msk/skidki/bzmzh-bioiogurt-aktibio-natural-nyi-3-5-130g,https://www.okeydostavka.ru/wcsstore/OKMarketCAS/cat_entries/975272/975272_thumbnail.jpg,"Молочные продукты, сыры, яйцо/Молочные продукты/Йогурты и творожки","47,99","34,99"
Сметана Простоквашино 10% 300г БЗМЖ,https://www.okeydostavka.ru/msk/skidki/bzmzh-smetana-prostokvashino-10-300g,https://www.okeydostavka.ru/wcsstore/OKMarketCAS/cat_entries/772610/772610_thumbnail.jpg,"Молочные продукты, сыры, яйцо/Молочные продукты/Сметана","84,99","69,99"
Сельдерей стеблевой шт,https://www.okeydostavka.ru/msk/skidki/sel-derei-steblevoi-sht,https://www.okeydostavka.ru/wcsstore/OKMarketCAS/cat_entries/696710/696710_thumbnail.jpg,Овощи и фрукты/Овощи,"139,99","99,99"
Макароны Barilla Fusilli 450г,https://www.okeydostavka.ru/msk/makarony-barilla-fusilli-98-450g,https://www.okeydostavka.ru/wcsstore/OKMarketCAS/cat_entries/95252/95252_thumbnail.jpg,Бакалея и консервы/Макаронные изделия,"109,99","82,99"
"Сыр Ламбер 50% Россия, кг БЗМЖ",https://www.okeydostavka.ru/msk/bzmzh-syr-lamber-mdzh-v-sukh-v-e-50-sychuzhnyi-rossiia-kg,https://www.okeydostavka.ru/wcsstore/OKMarketCAS/cat_entries/14156/14156_thumbnail.jpg,"Молочные продукты, сыры, яйцо/Сыры/Твердые и полутвердые сыры","1 199,00","869,99"
"Арбуз импортный, кг",https://www.okeydostavka.ru/msk/skidki/arbuz-importnyi-kg,https://www.okeydostavka.ru/wcsstore/OKMarketCAS/cat_entries/21454/21454_thumbnail.jpg,Акции/Всегда свежие продукты,"129,99","89,99"
Фарш Черкизово Домашний 400г,https://www.okeydostavka.ru/msk/skidki/farsh-domashnii-okhlazhdennyi-cherkizovo-lotok-400g,https://www.okeydostavka.ru/wcsstore/OKMarketCAS/cat_entries/783964/783964_thumbnail.jpg,Акции/Всегда свежие продукты,"194,99","164,99"
"Груша Вильямс, кг",https://www.okeydostavka.ru/msk/skidki/grusha-vil-iams-kg,https://www.okeydostavka.ru/wcsstore/OKMarketCAS/cat_entries/37295/37295_thumbnail.jpg,Акции/Всегда свежие продукты,"229,99","169,99"
Лимонад Черноголовка Кола газированный 2л,https://www.okeydostavka.ru/msk/skidki/limonad-napitki-iz-chernogolovki-kola-gaz-2-0l-pet,https://www.okeydostavka.ru/wcsstore/OKMarketCAS/cat_entries/943073/943073_thumbnail.jpg,Горячие и холодные напитки/Лимонады,"155,99","119,99"
Томаты черри Делишер на ветке сладкие 250г,https://www.okeydostavka.ru/msk/skidki/tomaty-cherri-delisher-na-vetke-sladkie-250g-upak,https://www.okeydostavka.ru/wcsstore/OKMarketCAS/cat_entries/380079/380079_thumbnail.jpg,Овощи и фрукты/Овощи,"169,99","99,99"
Чебурек Богатырь Жаренки с мясом 180г,https://www.okeydostavka.ru/msk/skidki/cheburek-s-miasom-bogatyr-zharenki-180g,https://www.okeydostavka.ru/wcsstore/OKMarketCAS/cat_entries/845020/845020_thumbnail.jpg,"Заморозка, готовая кулинария/Пицца и тесто","89,99","74,99"
Креветки королевские белоногие с головой...,https://www.okeydostavka.ru/msk/skidki/krevetki-korolevskie-s-g-s-m-belonogie-kg,https://www.okeydostavka.ru/wcsstore/OKMarketCAS/cat_entries/544813/544813_thumbnail.jpg,"Рыба, морепродукты и икра/Морепродукты","799,00","579,99"
Овощное трио Морозко Green 400г,https://www.okeydostavka.ru/msk/skidki/ovoshchnoe-trio-morozko-green-400g,https://www.okeydostavka.ru/wcsstore/OKMarketCAS/cat_entries/710929/710929_thumbnail.jpg,"Заморозка, готовая кулинария/Овощи и ягоды замороженные","189,99","99,99"
"Биойогурт Актибио Вишня 2,9% 130г БЗМЖ",https://www.okeydostavka.ru/msk/skidki/bzmzh-bioiogurt-aktibio-vishnia-2-9-130g,https://www.okeydostavka.ru/wcsstore/OKMarketCAS/cat_entries/975267/975267_thumbnail.jpg,"Молочные продукты, сыры, яйцо/Молочные продукты/Йогурты и творожки","47,99","34,99"
Тунец Пеликан натуральный для салатов 185 г,https://www.okeydostavka.ru/msk/skidki/tunets-pelikan-natural-nyi-dlia-salatov-185-g,https://www.okeydostavka.ru/wcsstore/OKMarketCAS/cat_entries/901385/901385_thumbnail.jpg,Бакалея и консервы/Консервы/Рыбные консервы,"148,99","99,99"
Напиток Добрый Кола безалкогольный газированный...,https://www.okeydostavka.ru/msk/skidki/napitok-dobryi-kola-gaz-1-5l-pet,https://www.okeydostavka.ru/wcsstore/OKMarketCAS/cat_entries/951743/951743_thumbnail.jpg,Горячие и холодные напитки/Лимонады,"159,49","127,99"
Бекон сырокопченый Дымов Венгерский 200г нарезка,https://www.okeydostavka.ru/msk/skidki/bekon-s-k-dymov-narezka-200g,https://www.okeydostavka.ru/wcsstore/OKMarketCAS/cat_entries/731921/731921_thumbnail.jpg,"Мясо, птица, колбасы/Мясные деликатесы","274,00","149,99"
Приправа Айдиго чеснок 20г,https://www.okeydostavka.ru/msk/skidki/priprava-aidigo-chesnok-20g,https://www.okeydostavka.ru/wcsstore/OKMarketCAS/cat_entries/750224/750224_thumbnail.jpg,"Растительные масла, соусы и приправы/Специи, приправы","41,99","36,99"
Вода Тассай минеральная питьевая негазированная...,https://www.okeydostavka.ru/msk/25-na-vodu-ot-6-sht/voda-tassai-min-pit-ev-negaz-1-5l-pet,https://www.okeydostavka.ru/wcsstore/OKMarketCAS/cat_entries/890420/890420_thumbnail.jpg,Горячие и холодные напитки/Вода,"69,49","57,99"
Пюре фруктовое Фрутоняня яблоко с 4 месяцев 90г...,https://www.okeydostavka.ru/msk/skidki/piure-fruktovoe-frutoniania-iabloko-s-4-mes-90g-g-p,https://www.okeydostavka.ru/wcsstore/OKMarketCAS/cat_entries/686348/686348_thumbnail.jpg,Детские товары и игрушки/Детское питание/Пюре детское,"59,99","42,99"
"Молоко сгущенное Алексеевское с сахаром 8,5%...",https://www.okeydostavka.ru/msk/skidki/bzmzh-moloko-sgushchennoe-alekseevskoe-s-sakharom-8-5-,https://www.okeydostavka.ru/wcsstore/OKMarketCAS/cat_entries/634786/634786_thumbnail.jpg,Бакалея и консервы/Консервы/Молочные консервы,"129,99","99,99"
Продукт Сиртаки рассольный для греческого салата...,https://www.okeydostavka.ru/msk/skidki/produkt-rassol-nyi-sirtaki-dlia-grecheskogo-salata-original-55-200g-rossiia,https://www.okeydostavka.ru/wcsstore/OKMarketCAS/cat_entries/771586/771586_thumbnail.jpg,"Молочные продукты, сыры, яйцо/Сыры/Рассольные сыры","139,99","109,99"
"Форель стейк свежемороженый, кг",https://www.okeydostavka.ru/msk/skidki/forel-steik-s-m-kg,https://www.okeydostavka.ru/wcsstore/OKMarketCAS/cat_entries/737580/737580_thumbnail.jpg,"Рыба, морепродукты и икра/Рыба охлажденная и замороженная","1 299,00","899,99"
"Масло сладко-сливочное Тысяча озер 82,5% 400г БЗМЖ",https://www.okeydostavka.ru/msk/bzmzh-maslo-sladko-slivochnoe-tysiacha-ozer-82-5-400g,https://www.okeydostavka.ru/wcsstore/OKMarketCAS/cat_entries/491686/491686_thumbnail.jpg,"Молочные продукты, сыры, яйцо/Молочные продукты/Масло сливочное и маргарин","569,00","439,99"
Цикорий Здравник натуральный 85г,https://www.okeydostavka.ru/msk/skidki/tsikorii-zdravnik-natural-nyi-85g,https://www.okeydostavka.ru/wcsstore/OKMarketCAS/cat_entries/744018/744018_thumbnail.jpg,"Горячие и холодные напитки/Кофе, какао, цикорий/Цикорий","119,99","84,99"
Макароны Barilla Spaghetti 05 450г,https://www.okeydostavka.ru/msk/skidki/makarony-barilla-spaghetti-05-450g,https://www.okeydostavka.ru/wcsstore/OKMarketCAS/cat_entries/95253/95253_thumbnail.jpg,Бакалея и консервы/Макаронные изделия,"109,99","82,99"
Горбуша ТМ Доброфлот натуральная 245г,https://www.okeydostavka.ru/msk/skidki/gorbusha-natural-naia-tm-dobroflot-b-6-245g,https://www.okeydostavka.ru/wcsstore/OKMarketCAS/cat_entries/830881/830881_thumbnail.jpg,Бакалея и консервы/Консервы/Рыбные консервы,"209,00","184,99"
Кукуруза Heinz консервированная 340г,https://www.okeydostavka.ru/msk/skidki/kukuruza-heinz-konservirovannaia-340g,https://www.okeydostavka.ru/wcsstore/OKMarketCAS/cat_entries/771926/771926_thumbnail.jpg,Бакалея и консервы/Консервы/Овощи и грибы консервированные,"139,99","89,99"
Молоко Parmalat ультрапастеризованное Comfort...,https://www.okeydostavka.ru/msk/skidki/bzmzh-moloko-utp-parmalat-comfort-bezlaktoznoe-1-8-,https://www.okeydostavka.ru/wcsstore/OKMarketCAS/cat_entries/879670/879670_thumbnail.jpg,"Молочные продукты, сыры, яйцо/Молочные продукты/Молоко и сливки","174,99","149,99"
Фарш из индейки Пава-Пава Нежный 450г,https://www.okeydostavka.ru/msk/skidki/farsh-iz-indeiki-nezhnyi-pava-pava-gvu-450g,https://www.okeydostavka.ru/wcsstore/OKMarketCAS/cat_entries/960842/960842_thumbnail.jpg,Акции/Всегда свежие продукты,"219,00","182,99"
Шпроты Вкусные Консервы Крупные в масле 240г,https://www.okeydostavka.ru/msk/skidki/krupnye-shproty-vkusnye-konservy-b-k-v-masle-240g-s-,https://www.okeydostavka.ru/wcsstore/OKMarketCAS/cat_entries/746225/746225_thumbnail.jpg,Бакалея и консервы/Консервы/Рыбные консервы,"169,49","149,99"
Биойогурт Актибио Киви/мюсли 3% 130г БЗМЖ,https://www.okeydostavka.ru/msk/skidki/bzmzh-bioiogurt-aktibio-kivi-miusli-3-130g,https://www.okeydostavka.ru/wcsstore/OKMarketCAS/cat_entries/975268/975268_thumbnail.jpg,"Молочные продукты, сыры, яйцо/Молочные продукты/Йогурты и творожки","47,99","34,99"
Пирожное Orion Choco Pie 360г,https://www.okeydostavka.ru/msk/pirozhnoe-choco-pie-360g-orion,https://www.okeydostavka.ru/wcsstore/OKMarketCAS/cat_entries/454238/454238_thumbnail.jpg,"Сладости, хлеб/Мучные кондитерские изделия","174,99","139,99"
"Cок О`КЕЙ Гранат прямой отжим 1,0л",https://www.okeydostavka.ru/msk/25-na-soki-ot-6-sht/cok-okei-granat-priamoi-otzhim-1-0l-st-b,https://www.okeydostavka.ru/wcsstore/OKMarketCAS/cat_entries/836891/836891_thumbnail.jpg,"Горячие и холодные напитки/Соки, нектары, морсы","169,99","129,99"
Хлеб Ржаной Край зерновой 300г,https://www.okeydostavka.ru/msk/skidki/khleb-kolomenskii-rzhanoi-krai-zernovoi-300g,https://www.okeydostavka.ru/wcsstore/OKMarketCAS/cat_entries/712698/712698_thumbnail.jpg,"Сладости, хлеб/Хлебобулочные изделия/Хлеб, батон, лепешки, лаваш","109,99","87,99"
Хлеб Вкусно и Просто Тостовый пшеничный 320г...,https://www.okeydostavka.ru/msk/skidki/khleb-tostovyi-pshenichnyi-320g-vkusno-i-prosto,https://www.okeydostavka.ru/wcsstore/OKMarketCAS/cat_entries/878720/878720_thumbnail.jpg,"Сладости, хлеб/Хлебобулочные изделия/Хлеб, батон, лепешки, лаваш","62,99","54,99"
Маслины Filippo Berio без косточки 300г,https://www.okeydostavka.ru/msk/skidki/masliny-filippo-berio-bez-kostochki-300g,https://www.okeydostavka.ru/wcsstore/OKMarketCAS/cat_entries/870890/870890_thumbnail.jpg,Бакалея и консервы/Консервы/Овощи и грибы консервированные,"239,00","149,99"
Колбаса вареная Мясная Папа может 400г,https://www.okeydostavka.ru/msk/skidki/kolbasa-var-miasnaia-papa-mozhet-p-o-400g,https://www.okeydostavka.ru/wcsstore/OKMarketCAS/cat_entries/910194/910194_thumbnail.jpg,"Мясо, птица, колбасы/Колбасы вареные","239,00","129,99"
Творог Искренне Ваш 9% 180г БЗМЖ,https://www.okeydostavka.ru/msk/skidki/bzmzh-tvorog-iskrenne-vash-9-180g-pergam-floup,https://www.okeydostavka.ru/wcsstore/OKMarketCAS/cat_entries/806749/806749_thumbnail.jpg,"Молочные продукты, сыры, яйцо/Молочные продукты/Творожные изделия","88,99","77,99"
Пельмени Caesar Elite 700г,https://www.okeydostavka.ru/msk/skidki/pel-meni-caesar-elite-700g,https://www.okeydostavka.ru/wcsstore/OKMarketCAS/cat_entries/902657/902657_thumbnail.jpg,"Заморозка, готовая кулинария/Пельмени и мучные изделия","399,00","199,50"
Пюре Фрутоняня фруктовое салатик из фруктов 4...,https://www.okeydostavka.ru/msk/skidki/piure-frutoniania-salatik-iz-fruktov-s-6-mes-90g-g-p,https://www.okeydostavka.ru/wcsstore/OKMarketCAS/cat_entries/797530/797530_thumbnail.jpg,Детские товары и игрушки/Детское питание/Пюре детское,"59,99","42,99"
Полотенца бумажные Soffione Grande 2-слойные 1шт,https://www.okeydostavka.ru/msk/skidki/polotentsa-bumazhnye-soffione-grande-2sl-1sht,https://www.okeydostavka.ru/wcsstore/OKMarketCAS/cat_entries/900784/900784_thumbnail.jpg,Косметика и гигиена/Гигиенические и бумажные товары,"224,00","164,99"
Котлеты куриные Петелинка Сливочные 500г,https://www.okeydostavka.ru/msk/skidki/kotlety-kurinye-slivochnye-okhlazhdennye-petelinka-gvu-,https://www.okeydostavka.ru/wcsstore/OKMarketCAS/cat_entries/793146/793146_thumbnail.jpg,Акции/Всегда свежие продукты,"209,00","164,99"
Колбаса варено-копченая Сервелат Финский Папа...,https://www.okeydostavka.ru/msk/skidki/kolbasa-v-k-ostankino-servelat-finskii-srez-0-42kg-,https://www.okeydostavka.ru/wcsstore/OKMarketCAS/cat_entries/734618/734618_thumbnail.jpg,"Мясо, птица, колбасы/Колбасы копченые","354,00","179,99"
Яйцо куриное С1 Волжанин 30шт,https://www.okeydostavka.ru/msk/skidki/iaitso-kurinoe-s1-volzhanin-30sht,https://www.okeydostavka.ru/wcsstore/OKMarketCAS/cat_entries/749300/749300_thumbnail.jpg,"Молочные продукты, сыры, яйцо/Яйцо","389,00","279,99"
Фасоль Бондюэль красная 425мл,https://www.okeydostavka.ru/msk/skidki/fasol-krasnaia-bondiuel-425ml-zh-b,https://www.okeydostavka.ru/wcsstore/OKMarketCAS/cat_entries/50904/50904_thumbnail.jpg,Бакалея и консервы/Консервы/Овощи и грибы консервированные,"139,99","114,99"
"Филе бедра цыпленка Петелинка, кг",https://www.okeydostavka.ru/msk/skidki/file-bedra-tsyplenka-okhlazhdennoe-petelinka-n-p-kg-793142-parent,https://www.okeydostavka.ru/wcsstore/OKMarketCAS/cat_entries/793142/793142_thumbnail.jpg,Акции/Всегда свежие продукты,"519,00","399,99"
Полотенца бумажные WHITECLOUD с рисунком 2сл...,https://www.okeydostavka.ru/msk/skidki/polotentsa-bumazhnye-whitecloud-s-risunkom-2sl-2rul-,https://www.okeydostavka.ru/wcsstore/OKMarketCAS/cat_entries/679299/679299_thumbnail.jpg,Косметика и гигиена/Гигиенические и бумажные товары,"94,99","74,99"
"Филе цыпленка Наша Птичка на подложке, кг",https://www.okeydostavka.ru/msk/skidki/file-tsyplenka-okhlazhdennoe-nasha-ptichka-n-p-kg-903952-parent,https://www.okeydostavka.ru/wcsstore/OKMarketCAS/cat_entries/903952/903952_thumbnail.jpg,Акции/Всегда свежие продукты,"439,00","369,99"
Булочки для хот-дога Коломенское Вкусно и просто...,https://www.okeydostavka.ru/webapp/wcs/stores/servlet/ProductDisplay?urlRequestType=Base&catalogId=10551&categoryId=3074457345616778220&productId=3074457345617867178&errorViewName=ProductDisplayErrorView&urlLangId=&langId=-20&top_category=3074457345616778220&parent_category_rn=3074457345616778220&storeId=10151,https://www.okeydostavka.ru/wcsstore/OKMarketCAS/cat_entries/971519/971519_thumbnail.jpg,"Сладости, хлеб/Хлебобулочные изделия/Хлеб, батон, лепешки, лаваш","62,99","54,99"
Икра Обломов из молодых баклажанов 420г,https://www.okeydostavka.ru/webapp/wcs/stores/servlet/ProductDisplay?urlRequestType=Base&catalogId=10551&categoryId=3074457345616778220&productId=114790&errorViewName=ProductDisplayErrorView&urlLangId=&langId=-20&top_category=3074457345616778220&parent_category_rn=3074457345616778220&storeId=10151,https://www.okeydostavka.ru/wcsstore/OKMarketCAS/cat_entries/463593/463593_thumbnail.jpg,Бакалея и консервы/Консервы/Овощи и грибы консервированные,"176,99","129,99"
"Огурцы грунтовые, кг",https://www.okeydostavka.ru/webapp/wcs/stores/servlet/ProductDisplay?urlRequestType=Base&catalogId=10551&categoryId=3074457345616778220&productId=47168&errorViewName=ProductDisplayErrorView&urlLangId=&langId=-20&top_category=3074457345616778220&parent_category_rn=3074457345616778220&storeId=10151,https://www.okeydostavka.ru/wcsstore/OKMarketCAS/cat_entries/22038/22038_thumbnail.jpg,Овощи и фрукты/Овощи,"99,99","69,99"
Купаты из свинины Ближние горки Гриль 400г,https://www.okeydostavka.ru/webapp/wcs/stores/servlet/ProductDisplay?urlRequestType=Base&catalogId=10551&categoryId=3074457345616778220&productId=889533&errorViewName=ProductDisplayErrorView&urlLangId=&langId=-20&top_category=3074457345616778220&parent_category_rn=3074457345616778220&storeId=10151,https://www.okeydostavka.ru/wcsstore/OKMarketCAS/cat_entries/834350/834350_thumbnail.jpg,Акции/Всегда свежие продукты,"229,00","162,99"
"Йогурт Простоквашино термостатный 1,5% 160г БЗМЖ",https://www.okeydostavka.ru/webapp/wcs/stores/servlet/ProductDisplay?urlRequestType=Base&catalogId=10551&categoryId=3074457345616778220&productId=3074457345617857237&errorViewName=ProductDisplayErrorView&urlLangId=&langId=-20&top_category=3074457345616778220&parent_category_rn=3074457345616778220&storeId=10151,https://www.okeydostavka.ru/wcsstore/OKMarketCAS/cat_entries/966468/966468_thumbnail.jpg,"Молочные продукты, сыры, яйцо/Молочные продукты/Йогурты и творожки","44,99","37,99"
Батон Хлебный Дом Звездный 350г нарезка,https://www.okeydostavka.ru/webapp/wcs/stores/servlet/ProductDisplay?urlRequestType=Base&catalogId=10551&categoryId=3074457345616778220&productId=3074457345617631537&errorViewName=ProductDisplayErrorView&urlLangId=&langId=-20&top_category=3074457345616778220&parent_category_rn=3074457345616778220&storeId=10151,https://www.okeydostavka.ru/wcsstore/OKMarketCAS/cat_entries/867726/867726_thumbnail.jpg,"Сладости, хлеб/Хлебобулочные изделия/Хлеб, батон, лепешки, лаваш","56,99","49,99"
Слойка Мастер Пирогов Венский конвертик с вишней...,https://www.okeydostavka.ru/webapp/wcs/stores/servlet/ProductDisplay?urlRequestType=Base&catalogId=10551&categoryId=3074457345616778220&productId=935556&errorViewName=ProductDisplayErrorView&urlLangId=&langId=-20&top_category=3074457345616778220&parent_category_rn=3074457345616778220&storeId=10151,https://www.okeydostavka.ru/wcsstore/OKMarketCAS/cat_entries/854902/854902_thumbnail.jpg,"Сладости, хлеб/Хлебобулочные изделия/Выпечка, изделия сдобные","57,99","41,99"
Туалетная бумага Zewa Плюс Белая 2-слойная 12шт,https://www.okeydostavka.ru/webapp/wcs/stores/servlet/ProductDisplay?urlRequestType=Base&catalogId=10551&categoryId=3074457345616778220&productId=194307&errorViewName=ProductDisplayErrorView&urlLangId=&langId=-20&top_category=3074457345616778220&parent_category_rn=3074457345616778220&storeId=10151,https://www.okeydostavka.ru/wcsstore/OKMarketCAS/cat_entries/718503/718503_thumbnail.jpg,Косметика и гигиена/Гигиенические и бумажные товары,"339,00","279,99"
Ливерная Яичная ГОСТ Ближние горки 300г,https://www.okeydostavka.ru/webapp/wcs/stores/servlet/ProductDisplay?urlRequestType=Base&catalogId=10551&categoryId=3074457345616778220&productId=951403&errorViewName=ProductDisplayErrorView&urlLangId=&langId=-20&top_category=3074457345616778220&parent_category_rn=3074457345616778220&storeId=10151,https://www.okeydostavka.ru/wcsstore/OKMarketCAS/cat_entries/862086/862086_thumbnail.jpg,"Мясо, птица, колбасы/Паштеты, ливер","189,99","149,99"
Фарш из мраморной говядины Мираторг 400г,https://www.okeydostavka.ru/webapp/wcs/stores/servlet/ProductDisplay?urlRequestType=Base&catalogId=10551&categoryId=3074457345616778220&productId=604873&errorViewName=ProductDisplayErrorView&urlLangId=&langId=-20&top_category=3074457345616778220&parent_category_rn=3074457345616778220&storeId=10151,https://www.okeydostavka.ru/wcsstore/OKMarketCAS/cat_entries/730549/730549_thumbnail.jpg,Акции/Всегда свежие продукты,"309,00","239,99"
Сыр Сливочный Брест-Литовск 50% Беларусь 200г БЗМЖ,https://www.okeydostavka.ru/webapp/wcs/stores/servlet/ProductDisplay?urlRequestType=Base&catalogId=10551&categoryId=3074457345616778220&productId=889472&errorViewName=ProductDisplayErrorView&urlLangId=&langId=-20&top_category=3074457345616778220&parent_category_rn=3074457345616778220&storeId=10151,https://www.okeydostavka.ru/wcsstore/OKMarketCAS/cat_entries/834332/834332_thumbnail.jpg,"Молочные продукты, сыры, яйцо/Сыры/Твердые и полутвердые сыры","219,00","159,99"
Хлеб Ржаной край классика 300г,https://www.okeydostavka.ru/webapp/wcs/stores/servlet/ProductDisplay?urlRequestType=Base&catalogId=10551&categoryId=3074457345616778220&productId=242104&errorViewName=ProductDisplayErrorView&urlLangId=&langId=-20&top_category=3074457345616778220&parent_category_rn=3074457345616778220&storeId=10151,https://www.okeydostavka.ru/wcsstore/OKMarketCAS/cat_entries/712690/712690_thumbnail.jpg,"Сладости, хлеб/Хлебобулочные изделия/Хлеб, батон, лепешки, лаваш","94,99","74,99"
Крупа гречневая Агрохолдинг Степь 900г,https://www.okeydostavka.ru/webapp/wcs/stores/servlet/ProductDisplay?urlRequestType=Base&catalogId=10551&categoryId=3074457345616778220&productId=3074457345617871681&errorViewName=ProductDisplayErrorView&urlLangId=&langId=-20&top_category=3074457345616778220&parent_category_rn=3074457345616778220&storeId=10151,https://www.okeydostavka.ru/wcsstore/OKMarketCAS/cat_entries/972767/972767_thumbnail.jpg,Бакалея и консервы/Крупы и бобовые,"104,99","86,99"
Карбонад варено-копченый по-Егорьевски...,https://www.okeydostavka.ru/webapp/wcs/stores/servlet/ProductDisplay?urlRequestType=Base&catalogId=10551&categoryId=3074457345616778220&productId=647471&errorViewName=ProductDisplayErrorView&urlLangId=&langId=-20&top_category=3074457345616778220&parent_category_rn=3074457345616778220&storeId=10151,https://www.okeydostavka.ru/wcsstore/OKMarketCAS/cat_entries/736289/736289_thumbnail.jpg,"Мясо, птица, колбасы/Мясные деликатесы","138,99","124,99"
Вишня Зеленая грядка без косточки 300г,https://www.okeydostavka.ru/webapp/wcs/stores/servlet/ProductDisplay?urlRequestType=Base&catalogId=10551&categoryId=3074457345616778220&productId=923955&errorViewName=ProductDisplayErrorView&urlLangId=&langId=-20&top_category=3074457345616778220&parent_category_rn=3074457345616778220&storeId=10151,https://www.okeydostavka.ru/wcsstore/OKMarketCAS/cat_entries/849635/849635_thumbnail.jpg,"Заморозка, готовая кулинария/Овощи и ягоды замороженные","229,00","139,99"
Мука Макфа пшеничная высший сорт 1кг,https://www.okeydostavka.ru/webapp/wcs/stores/servlet/ProductDisplay?urlRequestType=Base&catalogId=10551&categoryId=3074457345616778220&productId=158389&errorViewName=ProductDisplayErrorView&urlLangId=&langId=-20&top_category=3074457345616778220&parent_category_rn=3074457345616778220&storeId=10151,https://www.okeydostavka.ru/wcsstore/OKMarketCAS/cat_entries/674886/674886_thumbnail.jpg,"Бакалея и консервы/Мука, смеси для выпечки","62,99","51,99"
Бекон сырокопченый Дымов нарезка 150г,https://www.okeydostavka.ru/webapp/wcs/stores/servlet/ProductDisplay?urlRequestType=Base&catalogId=10551&categoryId=3074457345616778220&productId=3074457345617852591&errorViewName=ProductDisplayErrorView&urlLangId=&langId=-20&top_category=3074457345616778220&parent_category_rn=3074457345616778220&storeId=10151,https://www.okeydostavka.ru/wcsstore/OKMarketCAS/cat_entries/964661/964661_thumbnail.jpg,"Мясо, птица, колбасы/Мясные деликатесы","219,00","149,99"
Смесь овощная О`КЕЙ Мексиканская 400г,https://www.okeydostavka.ru/webapp/wcs/stores/servlet/ProductDisplay?urlRequestType=Base&catalogId=10551&categoryId=3074457345616778220&productId=242359&errorViewName=ProductDisplayErrorView&urlLangId=&langId=-20&top_category=3074457345616778220&parent_category_rn=3074457345616778220&storeId=10151,https://www.okeydostavka.ru/wcsstore/OKMarketCAS/cat_entries/688292/688292_thumbnail.jpg,"Заморозка, готовая кулинария/Овощи и ягоды замороженные","114,99","91,99"
Дамплинги Bibigo с креветкой 385г,https://www.okeydostavka.ru/webapp/wcs/stores/servlet/ProductDisplay?urlRequestType=Base&catalogId=10551&categoryId=3074457345616778220&productId=3074457345617627933&errorViewName=ProductDisplayErrorView&urlLangId=&langId=-20&top_category=3074457345616778220&parent_category_rn=3074457345616778220&storeId=10151,https://www.okeydostavka.ru/wcsstore/OKMarketCAS/cat_entries/865939/865939_thumbnail.jpg,"Заморозка, готовая кулинария/Пельмени и мучные изделия","429,00","214,50"
Сыр плавленый President Чизбургер 40% 150г тосты...,https://www.okeydostavka.ru/webapp/wcs/stores/servlet/ProductDisplay?urlRequestType=Base&catalogId=10551&categoryId=3074457345616778220&productId=862754&errorViewName=ProductDisplayErrorView&urlLangId=&langId=-20&top_category=3074457345616778220&parent_category_rn=3074457345616778220&storeId=10151,https://www.okeydostavka.ru/wcsstore/OKMarketCAS/cat_entries/819292/819292_thumbnail.jpg,"Молочные продукты, сыры, яйцо/Сыры/Плавленые сыры","140,99","99,99"
Рис Мистраль Кубань 900г,https://www.okeydostavka.ru/msk/ris-mistral-kuban-900g,https://www.okeydostavka.ru/wcsstore/OKMarketCAS/cat_entries/386918/386918_thumbnail.jpg,Бакалея и консервы/Крупы и бобовые,"169,99","129,99"
"Колбаса вареная Мясная Папа может, кг",https://www.okeydostavka.ru/webapp/wcs/stores/servlet/ProductDisplay?urlRequestType=Base&catalogId=10551&categoryId=3074457345616778220&productId=751366&errorViewName=ProductDisplayErrorView&urlLangId=&langId=-20&top_category=3074457345616778220&parent_category_rn=3074457345616778220&storeId=10151,https://www.okeydostavka.ru/wcsstore/OKMarketCAS/cat_entries/775767/775767_thumbnail.jpg,"Мясо, птица, колбасы/Колбасы вареные","424,00","269,99"
Диски ватные Bella 100шт,https://www.okeydostavka.ru/webapp/wcs/stores/servlet/ProductDisplay?urlRequestType=Base&catalogId=10551&categoryId=3074457345616778220&productId=182197&errorViewName=ProductDisplayErrorView&urlLangId=&langId=-20&top_category=3074457345616778220&parent_category_rn=3074457345616778220&storeId=10151,https://www.okeydostavka.ru/wcsstore/OKMarketCAS/cat_entries/496463/496463_thumbnail.jpg,Косметика и гигиена/Гигиенические и бумажные товары,"99,99","74,99"
Вода Байкал 430 природная питьевая...,https://www.okeydostavka.ru/msk/25-na-vodu-ot-6-sht/voda-baikal-430-prirod-pit-ev-negaz-0-45l-pet,https://www.okeydostavka.ru/wcsstore/OKMarketCAS/cat_entries/855819/855819_thumbnail.jpg,Горячие и холодные напитки/Вода,"69,99","59,49"
Творог зерненый Савушкин 101 зерно клубника...,https://www.okeydostavka.ru/webapp/wcs/stores/servlet/ProductDisplay?urlRequestType=Base&catalogId=10551&categoryId=3074457345616778220&productId=168908&errorViewName=ProductDisplayErrorView&urlLangId=&langId=-20&top_category=3074457345616778220&parent_category_rn=3074457345616778220&storeId=10151,https://www.okeydostavka.ru/wcsstore/OKMarketCAS/cat_entries/211589/211589_thumbnail.jpg,"Молочные продукты, сыры, яйцо/Молочные продукты/Творожные изделия","72,99","59,99"
Вода Боржоми минеральная лечебно-столовая...,https://www.okeydostavka.ru/msk/25-na-vodu-ot-6-sht/voda-borzhomi-min-lech-stol-gaz-0-5l-st-b,https://www.okeydostavka.ru/wcsstore/OKMarketCAS/cat_entries/661727/661727_thumbnail.jpg,Горячие и холодные напитки/Вода,"135,99","114,99"
Сыр Сливочный Лайтер (Litere) мдж в сух в-е 50%...,https://www.okeydostavka.ru/webapp/wcs/stores/servlet/ProductDisplay?urlRequestType=Base&catalogId=10551&categoryId=3074457345616778220&productId=893086&errorViewName=ProductDisplayErrorView&urlLangId=&langId=-20&top_category=3074457345616778220&parent_category_rn=3074457345616778220&storeId=10151,https://www.okeydostavka.ru/wcsstore/OKMarketCAS/cat_entries/836125/836125_thumbnail.jpg,"Молочные продукты, сыры, яйцо/Сыры/Твердые и полутвердые сыры","899,00","699,99"
Сыр плавленый Hochland Чизбургер ломтики 45%...,https://www.okeydostavka.ru/webapp/wcs/stores/servlet/ProductDisplay?urlRequestType=Base&catalogId=10551&categoryId=3074457345616778220&productId=66360&errorViewName=ProductDisplayErrorView&urlLangId=&langId=-20&top_category=3074457345616778220&parent_category_rn=3074457345616778220&storeId=10151,https://www.okeydostavka.ru/wcsstore/OKMarketCAS/cat_entries/1184/1184_thumbnail.jpg,"Молочные продукты, сыры, яйцо/Сыры/Плавленые сыры","149,99","109,99"
"Томаты Махитос, кг",https://www.okeydostavka.ru/webapp/wcs/stores/servlet/ProductDisplay?urlRequestType=Base&catalogId=10551&categoryId=3074457345616778220&productId=46694&errorViewName=ProductDisplayErrorView&urlLangId=&langId=-20&top_category=3074457345616778220&parent_category_rn=3074457345616778220&storeId=10151,https://www.okeydostavka.ru/wcsstore/OKMarketCAS/cat_entries/21553/21553_thumbnail.jpg,Овощи и фрукты/Овощи,"279,99","199,99"
Макароны Baisad рожки 450г,https://www.okeydostavka.ru/webapp/wcs/stores/servlet/ProductDisplay?urlRequestType=Base&catalogId=10551&categoryId=3074457345616778220&productId=107007&errorViewName=ProductDisplayErrorView&urlLangId=&langId=-20&top_category=3074457345616778220&parent_category_rn=3074457345616778220&storeId=10151,https://www.okeydostavka.ru/wcsstore/OKMarketCAS/cat_entries/225410/225410_thumbnail.jpg,Бакалея и консервы/Макаронные изделия,"61,99","52,99"
Сыр Умалат Сулугуни 45% Россия 280г БЗМЖ,https://www.okeydostavka.ru/webapp/wcs/stores/servlet/ProductDisplay?urlRequestType=Base&catalogId=10551&categoryId=3074457345616778220&productId=118132&errorViewName=ProductDisplayErrorView&urlLangId=&langId=-20&top_category=3074457345616778220&parent_category_rn=3074457345616778220&storeId=10151,https://www.okeydostavka.ru/wcsstore/OKMarketCAS/cat_entries/609576/609576_thumbnail.jpg,"Молочные продукты, сыры, яйцо/Сыры/Рассольные сыры","319,00","229,99"
Огурцы О`КЕЙ соленые по-домашнему 950мл,https://www.okeydostavka.ru/webapp/wcs/stores/servlet/ProductDisplay?urlRequestType=Base&catalogId=10551&categoryId=3074457345616778220&productId=905985&errorViewName=ProductDisplayErrorView&urlLangId=&langId=-20&top_category=3074457345616778220&parent_category_rn=3074457345616778220&storeId=10151,https://www.okeydostavka.ru/wcsstore/OKMarketCAS/cat_entries/841748/841748_thumbnail.jpg,Бакалея и консервы/Консервы/Овощи и грибы консервированные,"169,99","134,99"
Зубная паста Splat Professional Биокальций 100мл,https://www.okeydostavka.ru/msk/zubnaia-pasta-splat-professional-biokal-tsii-100ml,https://www.okeydostavka.ru/wcsstore/OKMarketCAS/cat_entries/333206/333206_thumbnail.jpg,Косметика и гигиена/Товары гигиены полости рта,"239,00","159,99"
Наггетсы Мираторг c сыром 300г,https://www.okeydostavka.ru/webapp/wcs/stores/servlet/ProductDisplay?urlRequestType=Base&catalogId=10551&categoryId=3074457345616778220&productId=243496&errorViewName=ProductDisplayErrorView&urlLangId=&langId=-20&top_category=3074457345616778220&parent_category_rn=3074457345616778220&storeId=10151,https://www.okeydostavka.ru/wcsstore/OKMarketCAS/cat_entries/492647/492647_thumbnail.jpg,Banners/Замороженные продукты,"199,99","176,99"
Майонез Я люблю готовить Московский Провансаль...,https://www.okeydostavka.ru/msk/maionez-ia-liubliu-gotovit-moskovskii-provansal-67-,https://www.okeydostavka.ru/wcsstore/OKMarketCAS/cat_entries/719411/719411_thumbnail.jpg,"Растительные масла, соусы и приправы/Майонез","189,99","139,99"
Мороженое 48 копеек пломбир брикет 210г БЗМЖ,https://www.okeydostavka.ru/webapp/wcs/stores/servlet/ProductDisplay?urlRequestType=Base&catalogId=10551&categoryId=3074457345616778220&productId=3074457345617669704&errorViewName=ProductDisplayErrorView&urlLangId=&langId=-20&top_category=3074457345616778220&parent_category_rn=3074457345616778220&storeId=10151,https://www.okeydostavka.ru/wcsstore/OKMarketCAS/cat_entries/884817/884817_thumbnail.jpg,Banners/Cпециальное предложение,"189,99","119,99"
"Творожок Чудо черника 4,2% 100г БЗМЖ",https://www.okeydostavka.ru/webapp/wcs/stores/servlet/ProductDisplay?urlRequestType=Base&catalogId=10551&categoryId=3074457345616778220&productId=157327&errorViewName=ProductDisplayErrorView&urlLangId=&langId=-20&top_category=3074457345616778220&parent_category_rn=3074457345616778220&storeId=10151,https://www.okeydostavka.ru/wcsstore/OKMarketCAS/cat_entries/454353/454353_thumbnail.jpg,"Молочные продукты, сыры, яйцо/Молочные продукты/Йогурты и творожки","69,99","54,99"
Заправка Maggi для борща 250г,https://www.okeydostavka.ru/webapp/wcs/stores/servlet/ProductDisplay?urlRequestType=Base&catalogId=10551&categoryId=3074457345616778220&productId=169574&errorViewName=ProductDisplayErrorView&urlLangId=&langId=-20&top_category=3074457345616778220&parent_category_rn=3074457345616778220&storeId=10151,https://www.okeydostavka.ru/wcsstore/OKMarketCAS/cat_entries/325870/325870_thumbnail.jpg,"Растительные масла, соусы и приправы/Специи, приправы","109,99","79,99"
Батончик злаково-фруктовый Фрутоняня...,https://www.okeydostavka.ru/webapp/wcs/stores/servlet/ProductDisplay?urlRequestType=Base&catalogId=10551&categoryId=3074457345616778220&productId=3074457345617681075&errorViewName=ProductDisplayErrorView&urlLangId=&langId=-20&top_category=3074457345616778220&parent_category_rn=3074457345616778220&storeId=10151,https://www.okeydostavka.ru/wcsstore/OKMarketCAS/cat_entries/890239/890239_thumbnail.jpg,Детские товары и игрушки/Детское питание/Полезный перекус,"49,99","36,99"
Майонез Слобода Провансаль 67% 375г/400мл,https://www.okeydostavka.ru/webapp/wcs/stores/servlet/ProductDisplay?urlRequestType=Base&catalogId=10551&categoryId=3074457345616778220&productId=249262&errorViewName=ProductDisplayErrorView&urlLangId=&langId=-20&top_category=3074457345616778220&parent_category_rn=3074457345616778220&storeId=10151,https://www.okeydostavka.ru/wcsstore/OKMarketCAS/cat_entries/379499/379499_thumbnail.jpg,"Растительные масла, соусы и приправы/Майонез","121,49","94,99"
Морская капуста Русское море Классический 200г,https://www.okeydostavka.ru/webapp/wcs/stores/servlet/ProductDisplay?urlRequestType=Base&catalogId=10551&categoryId=3074457345616778220&productId=95588&errorViewName=ProductDisplayErrorView&urlLangId=&langId=-20&top_category=3074457345616778220&parent_category_rn=3074457345616778220&storeId=10151,https://www.okeydostavka.ru/wcsstore/OKMarketCAS/cat_entries/473922/473922_thumbnail.jpg,"Овощи и фрукты/Овощные смеси, овощи квашенные ","74,99","49,99"
Творог зерненый Савушкин 101 зерно малина 5%...,https://www.okeydostavka.ru/webapp/wcs/stores/servlet/ProductDisplay?urlRequestType=Base&catalogId=10551&categoryId=3074457345616778220&productId=3074457345617738724&errorViewName=ProductDisplayErrorView&urlLangId=&langId=-20&top_category=3074457345616778220&parent_category_rn=3074457345616778220&storeId=10151,https://www.okeydostavka.ru/wcsstore/OKMarketCAS/cat_entries/917335/917335_thumbnail.jpg,"Молочные продукты, сыры, яйцо/Молочные продукты/Творожные изделия","72,99","59,99"
Блинчики Цезарь с деревенским творогом 450г,https://www.okeydostavka.ru/webapp/wcs/stores/servlet/ProductDisplay?urlRequestType=Base&catalogId=10551&categoryId=3074457345616778220&productId=242335&errorViewName=ProductDisplayErrorView&urlLangId=&langId=-20&top_category=3074457345616778220&parent_category_rn=3074457345616778220&storeId=10151,https://www.okeydostavka.ru/wcsstore/OKMarketCAS/cat_entries/658146/658146_thumbnail.jpg,"Заморозка, готовая кулинария/Пицца и тесто","249,00","199,99"
Смесь О`КЕЙ Гавайская 400г,https://www.okeydostavka.ru/webapp/wcs/stores/servlet/ProductDisplay?urlRequestType=Base&catalogId=10551&categoryId=3074457345616778220&productId=744681&errorViewName=ProductDisplayErrorView&urlLangId=&langId=-20&top_category=3074457345616778220&parent_category_rn=3074457345616778220&storeId=10151,https://www.okeydostavka.ru/wcsstore/OKMarketCAS/cat_entries/767357/767357_thumbnail.jpg,"Заморозка, готовая кулинария/Овощи и ягоды замороженные","109,99","84,99"
Мука Рязаночка пшеничная высший сорт 2кг,https://www.okeydostavka.ru/webapp/wcs/stores/servlet/ProductDisplay?urlRequestType=Base&catalogId=10551&categoryId=3074457345616778220&productId=751290&errorViewName=ProductDisplayErrorView&urlLangId=&langId=-20&top_category=3074457345616778220&parent_category_rn=3074457345616778220&storeId=10151,https://www.okeydostavka.ru/wcsstore/OKMarketCAS/cat_entries/775735/775735_thumbnail.jpg,"Бакалея и консервы/Мука, смеси для выпечки","119,99","108,98"
Каша молочная Фрутоняня пшеничная с 6 месяцев...,https://www.okeydostavka.ru/webapp/wcs/stores/servlet/ProductDisplay?urlRequestType=Base&catalogId=10551&categoryId=3074457345616778220&productId=500381&errorViewName=ProductDisplayErrorView&urlLangId=&langId=-20&top_category=3074457345616778220&parent_category_rn=3074457345616778220&storeId=10151,https://www.okeydostavka.ru/wcsstore/OKMarketCAS/cat_entries/438123/438123_thumbnail.jpg,Детские товары и игрушки/Детское питание/Каши детские,"54,99","41,99"
Котлеты из свинины Ближние горки Домашние 400г,https://www.okeydostavka.ru/webapp/wcs/stores/servlet/ProductDisplay?urlRequestType=Base&catalogId=10551&categoryId=3074457345616778220&productId=871669&errorViewName=ProductDisplayErrorView&urlLangId=&langId=-20&top_category=3074457345616778220&parent_category_rn=3074457345616778220&storeId=10151,https://www.okeydostavka.ru/wcsstore/OKMarketCAS/cat_entries/822782/822782_thumbnail.jpg,Акции/Всегда свежие продукты,"191,99","154,99"
"Черешня, кг",https://www.okeydostavka.ru/webapp/wcs/stores/servlet/ProductDisplay?urlRequestType=Base&catalogId=10551&categoryId=3074457345616778220&productId=44751&errorViewName=ProductDisplayErrorView&urlLangId=&langId=-20&top_category=3074457345616778220&parent_category_rn=3074457345616778220&storeId=10151,https://www.okeydostavka.ru/wcsstore/OKMarketCAS/cat_entries/15406/15406_thumbnail.jpg,Акции/Всегда свежие продукты,"499,99","399,99"
"Гель для стирки Персил Color 2,6л",https://www.okeydostavka.ru/msk/gel-d-stirki-pr5189-color-2-6l,https://www.okeydostavka.ru/wcsstore/OKMarketCAS/cat_entries/744832/744832_thumbnail.jpg,Бытовая химия/Стирка и уход за одеждой/Стирка одежды,"1 369,00","849,99"
Сосиски Великолукский Мясокомбинат Детям с...,https://www.okeydostavka.ru/msk/35-na-sosiski-sardel-ki-shpikachki-20-3074457345616864751/sosiski-detiam-s-indeikoi-330g-velikolukskii,https://www.okeydostavka.ru/wcsstore/OKMarketCAS/cat_entries/988761/988761_thumbnail.jpg,"Мясо, птица, колбасы/Сосиски, сардельки","224,00","145,60"
Чебупели Горячая Штучка сочные с мясом 300г,https://www.okeydostavka.ru/webapp/wcs/stores/servlet/ProductDisplay?urlRequestType=Base&catalogId=10551&categoryId=3074457345616778220&productId=660032&errorViewName=ProductDisplayErrorView&urlLangId=&langId=-20&top_category=3074457345616778220&parent_category_rn=3074457345616778220&storeId=10151,https://www.okeydostavka.ru/wcsstore/OKMarketCAS/cat_entries/739013/739013_thumbnail.jpg,"Заморозка, готовая кулинария/Пицца и тесто","199,99","109,99"
Сосиски Сливочные Ближние горки 450г,https://www.okeydostavka.ru/msk/35-na-sosiski-sardel-ki-shpikachki-20-3074457345616864751/sosiski-slivochnye-ts-o-450g-gaz-blizhnie-gorki,https://www.okeydostavka.ru/wcsstore/OKMarketCAS/cat_entries/621291/621291_thumbnail.jpg,"Мясо, птица, колбасы/Сосиски, сардельки","324,00","199,99"
"Напиток КулКола без сахара газированный 1,5л",https://www.okeydostavka.ru/webapp/wcs/stores/servlet/ProductDisplay?urlRequestType=Base&catalogId=10551&categoryId=3074457345616778220&productId=3074457345617822555&errorViewName=ProductDisplayErrorView&urlLangId=&langId=-20&top_category=3074457345616778220&parent_category_rn=3074457345616778220&storeId=10151,https://www.okeydostavka.ru/wcsstore/OKMarketCAS/cat_entries/951662/951662_thumbnail.jpg,Горячие и холодные напитки/Лимонады,"129,99","104,99"
Гель для стирки Ласка для тёмного белья 3л,https://www.okeydostavka.ru/webapp/wcs/stores/servlet/ProductDisplay?urlRequestType=Base&catalogId=10551&categoryId=3074457345616778220&productId=794358&errorViewName=ProductDisplayErrorView&urlLangId=&langId=-20&top_category=3074457345616778220&parent_category_rn=3074457345616778220&storeId=10151,https://www.okeydostavka.ru/wcsstore/OKMarketCAS/cat_entries/794791/794791_thumbnail.jpg,Бытовая химия/Стирка и уход за одеждой/Стирка одежды,"1 109,00","689,99"
Семечки подсолнечника Бабкины семечки жареные 300г,https://www.okeydostavka.ru/webapp/wcs/stores/servlet/ProductDisplay?urlRequestType=Base&catalogId=10551&categoryId=3074457345616778220&productId=94952&errorViewName=ProductDisplayErrorView&urlLangId=&langId=-20&top_category=3074457345616778220&parent_category_rn=3074457345616778220&storeId=10151,https://www.okeydostavka.ru/wcsstore/OKMarketCAS/cat_entries/366211/366211_thumbnail.jpg,"Овощи и фрукты/Орехи, сухофрукты","124,99","99,99"
Палочки ватные Bella 100шт пак,https://www.okeydostavka.ru/webapp/wcs/stores/servlet/ProductDisplay?urlRequestType=Base&catalogId=10551&categoryId=3074457345616778220&productId=181842&errorViewName=ProductDisplayErrorView&urlLangId=&langId=-20&top_category=3074457345616778220&parent_category_rn=3074457345616778220&storeId=10151,https://www.okeydostavka.ru/wcsstore/OKMarketCAS/cat_entries/5305/5305_thumbnail.jpg,Косметика и гигиена/Гигиенические и бумажные товары,"54,99","39,99"
Сыр твердый Пармезан Dolce Granto 40% 200г...,https://www.okeydostavka.ru/webapp/wcs/stores/servlet/ProductDisplay?urlRequestType=Base&catalogId=10551&categoryId=3074457345616778220&productId=3074457345617781880&errorViewName=ProductDisplayErrorView&urlLangId=&langId=-20&top_category=3074457345616778220&parent_category_rn=3074457345616778220&storeId=10151,https://www.okeydostavka.ru/wcsstore/OKMarketCAS/cat_entries/938263/938263_thumbnail.jpg,"Молочные продукты, сыры, яйцо/Сыры/Твердые и полутвердые сыры","409,00","249,99"
Сливки Домик в деревне стерилизованные 20% 480г...,https://www.okeydostavka.ru/webapp/wcs/stores/servlet/ProductDisplay?urlRequestType=Base&catalogId=10551&categoryId=3074457345616778220&productId=177981&errorViewName=ProductDisplayErrorView&urlLangId=&langId=-20&top_category=3074457345616778220&parent_category_rn=3074457345616778220&storeId=10151,https://www.okeydostavka.ru/wcsstore/OKMarketCAS/cat_entries/354202/354202_thumbnail.jpg,"Молочные продукты, сыры, яйцо/Молочные продукты/Молоко и сливки","239,00","199,99"
Семечки подсолнечника Бабкины семечки жареные 500г,https://www.okeydostavka.ru/webapp/wcs/stores/servlet/ProductDisplay?urlRequestType=Base&catalogId=10551&categoryId=3074457345616778220&productId=331404&errorViewName=ProductDisplayErrorView&urlLangId=&langId=-20&top_category=3074457345616778220&parent_category_rn=3074457345616778220&storeId=10151,https://www.okeydostavka.ru/wcsstore/OKMarketCAS/cat_entries/366212/366212_thumbnail.jpg,"Овощи и фрукты/Орехи, сухофрукты","209,00","164,99"
Бургер из свинины Ближние горки 200г,https://www.okeydostavka.ru/webapp/wcs/stores/servlet/ProductDisplay?urlRequestType=Base&catalogId=10551&categoryId=3074457345616778220&productId=3074457345617814393&errorViewName=ProductDisplayErrorView&urlLangId=&langId=-20&top_category=3074457345616778220&parent_category_rn=3074457345616778220&storeId=10151,https://www.okeydostavka.ru/wcsstore/OKMarketCAS/cat_entries/937167/937167_thumbnail.jpg,Акции/Всегда свежие продукты,"136,49","91,99"
Прокладки гигиенические Libresse Ultra 10шт,https://www.okeydostavka.ru/webapp/wcs/stores/servlet/ProductDisplay?urlRequestType=Base&catalogId=10551&categoryId=3074457345616778220&productId=3074457345617641042&errorViewName=ProductDisplayErrorView&urlLangId=&langId=-20&top_category=3074457345616778220&parent_category_rn=3074457345616778220&storeId=10151,https://www.okeydostavka.ru/wcsstore/OKMarketCAS/cat_entries/9020/9020_thumbnail.jpg,Косметика и гигиена/Гигиенические и бумажные товары,"174,99","109,99"
Сырок глазированный Свитлогорье золотая ириска...,https://www.okeydostavka.ru/webapp/wcs/stores/servlet/ProductDisplay?urlRequestType=Base&catalogId=10551&categoryId=3074457345616778220&productId=3074457345617682888&errorViewName=ProductDisplayErrorView&urlLangId=&langId=-20&top_category=3074457345616778220&parent_category_rn=3074457345616778220&storeId=10151,https://www.okeydostavka.ru/wcsstore/OKMarketCAS/cat_entries/891152/891152_thumbnail.jpg,"Молочные продукты, сыры, яйцо/Молочные продукты/Творожные изделия","65,99","49,99"
Лаваш армянский Нижегородский хлеб Премиум...,https://www.okeydostavka.ru/webapp/wcs/stores/servlet/ProductDisplay?urlRequestType=Base&catalogId=10551&categoryId=3074457345616778220&productId=3074457345617905643&errorViewName=ProductDisplayErrorView&urlLangId=&langId=-20&top_category=3074457345616778220&parent_category_rn=3074457345616778220&storeId=10151,https://www.okeydostavka.ru/wcsstore/OKMarketCAS/cat_entries/987653/987653_thumbnail.jpg,"Сладости, хлеб/Хлебобулочные изделия/Хлеб, батон, лепешки, лаваш","46,99","36,99"
Кетчуп Heinz Томатный 550г дой-пак,https://www.okeydostavka.ru/webapp/wcs/stores/servlet/ProductDisplay?urlRequestType=Base&catalogId=10551&categoryId=3074457345616778220&productId=3074457345617752385&errorViewName=ProductDisplayErrorView&urlLangId=&langId=-20&top_category=3074457345616778220&parent_category_rn=3074457345616778220&storeId=10151,https://www.okeydostavka.ru/wcsstore/OKMarketCAS/cat_entries/924243/924243_thumbnail.jpg,"Растительные масла, соусы и приправы/Томатные пасты, кетчупы","239,00","129,99"
Фрикадельки Черкизово Домашние 360г,https://www.okeydostavka.ru/webapp/wcs/stores/servlet/ProductDisplay?urlRequestType=Base&catalogId=10551&categoryId=3074457345616778220&productId=746684&errorViewName=ProductDisplayErrorView&urlLangId=&langId=-20&top_category=3074457345616778220&parent_category_rn=3074457345616778220&storeId=10151,https://www.okeydostavka.ru/wcsstore/OKMarketCAS/cat_entries/773554/773554_thumbnail.jpg,Акции/Всегда свежие продукты,"189,99","159,99"
Прокладки гигиенические Kotex Young 10шт,https://www.okeydostavka.ru/webapp/wcs/stores/servlet/ProductDisplay?urlRequestType=Base&catalogId=10551&categoryId=3074457345616778220&productId=176621&errorViewName=ProductDisplayErrorView&urlLangId=&langId=-20&top_category=3074457345616778220&parent_category_rn=3074457345616778220&storeId=10151,https://www.okeydostavka.ru/wcsstore/OKMarketCAS/cat_entries/364512/364512_thumbnail.jpg,Косметика и гигиена/Гигиенические и бумажные товары,"159,99","129,99"
Говядина тушеная Барс ГОСТ 325г,https://www.okeydostavka.ru/webapp/wcs/stores/servlet/ProductDisplay?urlRequestType=Base&catalogId=10551&categoryId=3074457345616778220&productId=420199&errorViewName=ProductDisplayErrorView&urlLangId=&langId=-20&top_category=3074457345616778220&parent_category_rn=3074457345616778220&storeId=10151,https://www.okeydostavka.ru/wcsstore/OKMarketCAS/cat_entries/238796/238796_thumbnail.jpg,Бакалея и консервы/Консервы/Мясные консервы,"329,00","269,99"
Готовый завтрак Любятово подушечки шоколадные 500г,https://www.okeydostavka.ru/msk/gotovyi-zavtrak-liubiatovo-podushechki-shokoladnye-500g,https://www.okeydostavka.ru/wcsstore/OKMarketCAS/cat_entries/863256/863256_thumbnail.jpg,Бакалея и консервы/Сухие завтраки,"259,00","179,99"
Кофе молотый Lavazza Crema e Gusto 250г,https://www.okeydostavka.ru/webapp/wcs/stores/servlet/ProductDisplay?urlRequestType=Base&catalogId=10551&categoryId=3074457345616778220&productId=196763&errorViewName=ProductDisplayErrorView&urlLangId=&langId=-20&top_category=3074457345616778220&parent_category_rn=3074457345616778220&storeId=10151,https://www.okeydostavka.ru/wcsstore/OKMarketCAS/cat_entries/619107/619107_thumbnail.jpg,"Горячие и холодные напитки/Кофе, какао, цикорий/Кофе","469,00","349,99"
Морковь Ферэльгам по-корейски 500г,https://www.okeydostavka.ru/webapp/wcs/stores/servlet/ProductDisplay?urlRequestType=Base&catalogId=10551&categoryId=3074457345616778220&productId=612460&errorViewName=ProductDisplayErrorView&urlLangId=&langId=-20&top_category=3074457345616778220&parent_category_rn=3074457345616778220&storeId=10151,https://www.okeydostavka.ru/wcsstore/OKMarketCAS/cat_entries/731819/731819_thumbnail.jpg,"Овощи и фрукты/Овощные смеси, овощи квашенные ","159,99","127,99"
Пельмени Цезарь Цезарёнок 600г,https://www.okeydostavka.ru/webapp/wcs/stores/servlet/ProductDisplay?urlRequestType=Base&catalogId=10551&categoryId=3074457345616778220&productId=92631&errorViewName=ProductDisplayErrorView&urlLangId=&langId=-20&top_category=3074457345616778220&parent_category_rn=3074457345616778220&storeId=10151,https://www.okeydostavka.ru/wcsstore/OKMarketCAS/cat_entries/577581/577581_thumbnail.jpg,"Заморозка, готовая кулинария/Пельмени и мучные изделия","499,00","249,50"
Туалетный блок для унитаза Бреф Сила Актив...,https://www.okeydostavka.ru/webapp/wcs/stores/servlet/ProductDisplay?urlRequestType=Base&catalogId=10551&categoryId=3074457345616778220&productId=3074457345617727794&errorViewName=ProductDisplayErrorView&urlLangId=&langId=-20&top_category=3074457345616778220&parent_category_rn=3074457345616778220&storeId=10151,https://www.okeydostavka.ru/wcsstore/OKMarketCAS/cat_entries/913743/913743_thumbnail.jpg,Brands/Бреф,"689,00","412,99"
Майонез Я люблю готовить Московский Провансаль...,https://www.okeydostavka.ru/msk/maionez-ia-liubliu-gotovit-moskovskii-provansal-67-,https://www.okeydostavka.ru/wcsstore/OKMarketCAS/cat_entries/719411/719411_thumbnail.jpg,"Растительные масла, соусы и приправы/Майонез","189,99","139,99"
Кукуруза Green Ray сладкая 425мл,https://www.okeydostavka.ru/msk/kukuruza-sladkaia-green-ray-425ml,https://www.okeydostavka.ru/wcsstore/OKMarketCAS/cat_entries/463055/463055_thumbnail.jpg,Бакалея и консервы/Консервы/Овощи и грибы консервированные,"109,99","79,99"
"Гель для стирки Персил Color 2,6л",https://www.okeydostavka.ru/msk/gel-d-stirki-pr5189-color-2-6l,https://www.okeydostavka.ru/wcsstore/OKMarketCAS/cat_entries/744832/744832_thumbnail.jpg,Бытовая химия/Стирка и уход за одеждой/Стирка одежды,"1 369,00","849,99"
Чай черный Tess Sunrise 100 пакетиков,https://www.okeydostavka.ru/msk/chai-chernyi-tess-sunrise-100pak,https://www.okeydostavka.ru/wcsstore/OKMarketCAS/cat_entries/769046/769046_thumbnail.jpg,Горячие и холодные напитки/Чай,"389,00","229,99"
Шоколад молочный Ritter Sport Extra Nut с...,https://www.okeydostavka.ru/msk/shokolad-molochnyi-ritter-sport-extra-nut-s-tsel-nym-obzharennym-orekhom-leshchiny-100g,https://www.okeydostavka.ru/wcsstore/OKMarketCAS/cat_entries/775152/775152_thumbnail.jpg,Banners/Cпециальное предложение,"179,99","124,99"
Рагу Морозко Green овощное 400г,https://www.okeydostavka.ru/msk/ragu-ovoshchnoe-morozko-green-400g,https://www.okeydostavka.ru/wcsstore/OKMarketCAS/cat_entries/827959/827959_thumbnail.jpg,"Заморозка, готовая кулинария/Овощи и ягоды замороженные","139,99","79,99"
Кетчуп Heinz Томатный 550г дой-пак,https://www.okeydostavka.ru/webapp/wcs/stores/servlet/ProductDisplay?urlRequestType=Base&catalogId=10551&categoryId=3074457345616778220&productId=3074457345617752385&errorViewName=ProductDisplayErrorView&urlLangId=&langId=-20&top_category=3074457345616778220&parent_category_rn=3074457345616778220&storeId=10151,https://www.okeydostavka.ru/wcsstore/OKMarketCAS/cat_entries/924243/924243_thumbnail.jpg,"Растительные масла, соусы и приправы/Томатные пасты, кетчупы","239,00","129,99"
Лимонад Черноголовка Кола газированный 2л,https://www.okeydostavka.ru/msk/skidki/limonad-napitki-iz-chernogolovki-kola-gaz-2-0l-pet,https://www.okeydostavka.ru/wcsstore/OKMarketCAS/cat_entries/943073/943073_thumbnail.jpg,Горячие и холодные напитки/Лимонады,"155,99","119,99"
Мороженое Monterra С кленовым сиропом пломбир...,https://www.okeydostavka.ru/msk/bzmzh-morozhenoe-monterra-plombir-s-klenovym-siropom-,https://www.okeydostavka.ru/wcsstore/OKMarketCAS/cat_entries/948835/948835_thumbnail.jpg,Banners/Cпециальное предложение,"609,00","359,99"
Крупа гречневая Агрохолдинг Степь 900г,https://www.okeydostavka.ru/webapp/wcs/stores/servlet/ProductDisplay?urlRequestType=Base&catalogId=10551&categoryId=3074457345616778220&productId=3074457345617871681&errorViewName=ProductDisplayErrorView&urlLangId=&langId=-20&top_category=3074457345616778220&parent_category_rn=3074457345616778220&storeId=10151,https://www.okeydostavka.ru/wcsstore/OKMarketCAS/cat_entries/972767/972767_thumbnail.jpg,Бакалея и консервы/Крупы и бобовые,"104,99","86,99"
Майонез Я люблю готовить Московский Провансаль...,https://www.okeydostavka.ru/msk/maionez-ia-liubliu-gotovit-moskovskii-provansal-67-,https://www.okeydostavka.ru/wcsstore/OKMarketCAS/cat_entries/719411/719411_thumbnail.jpg,"Растительные масла, соусы и приправы/Майонез","189,99","139,99"
Кукуруза Green Ray сладкая 425мл,https://www.okeydostavka.ru/msk/kukuruza-sladkaia-green-ray-425ml,https://www.okeydostavka.ru/wcsstore/OKMarketCAS/cat_entries/463055/463055_thumbnail.jpg,Бакалея и консервы/Консервы/Овощи и грибы консервированные,"109,99","79,99"
"Гель для стирки Персил Color 2,6л",https://www.okeydostavka.ru/msk/gel-d-stirki-pr5189-color-2-6l,https://www.okeydostavka.ru/wcsstore/OKMarketCAS/cat_entries/744832/744832_thumbnail.jpg,Бытовая химия/Стирка и уход за одеждой/Стирка одежды,"1 369,00","849,99"
Чай черный Tess Sunrise 100 пакетиков,https://www.okeydostavka.ru/msk/chai-chernyi-tess-sunrise-100pak,https://www.okeydostavka.ru/wcsstore/OKMarketCAS/cat_entries/769046/769046_thumbnail.jpg,Горячие и холодные напитки/Чай,"389,00","229,99"
Шоколад молочный Ritter Sport Extra Nut с...,https://www.okeydostavka.ru/msk/shokolad-molochnyi-ritter-sport-extra-nut-s-tsel-nym-obzharennym-orekhom-leshchiny-100g,https://www.okeydostavka.ru/wcsstore/OKMarketCAS/cat_entries/775152/775152_thumbnail.jpg,Banners/Cпециальное предложение,"179,99","124,99"
Рагу Морозко Green овощное 400г,https://www.okeydostavka.ru/msk/ragu-ovoshchnoe-morozko-green-400g,https://www.okeydostavka.ru/wcsstore/OKMarketCAS/cat_entries/827959/827959_thumbnail.jpg,"Заморозка, готовая кулинария/Овощи и ягоды замороженные","139,99","79,99"
Кетчуп Heinz Томатный 550г дой-пак,https://www.okeydostavka.ru/webapp/wcs/stores/servlet/ProductDisplay?urlRequestType=Base&catalogId=10551&categoryId=3074457345616778220&productId=3074457345617752385&errorViewName=ProductDisplayErrorView&urlLangId=&langId=-20&top_category=3074457345616778220&parent_category_rn=3074457345616778220&storeId=10151,https://www.okeydostavka.ru/wcsstore/OKMarketCAS/cat_entries/924243/924243_thumbnail.jpg,"Растительные масла, соусы и приправы/Томатные пасты, кетчупы","239,00","129,99"
Лимонад Черноголовка Кола газированный 2л,https://www.okeydostavka.ru/msk/skidki/limonad-napitki-iz-chernogolovki-kola-gaz-2-0l-pet,https://www.okeydostavka.ru/wcsstore/OKMarketCAS/cat_entries/943073/943073_thumbnail.jpg,Горячие и холодные напитки/Лимонады,"155,99","119,99"
Мороженое Monterra С кленовым сиропом пломбир...,https://www.okeydostavka.ru/msk/bzmzh-morozhenoe-monterra-plombir-s-klenovym-siropom-,https://www.okeydostavka.ru/wcsstore/OKMarketCAS/cat_entries/948835/948835_thumbnail.jpg,Banners/Cпециальное предложение,"609,00","359,99"
Крупа гречневая Агрохолдинг Степь 900г,https://www.okeydostavka.ru/webapp/wcs/stores/servlet/ProductDisplay?urlRequestType=Base&catalogId=10551&categoryId=3074457345616778220&productId=3074457345617871681&errorViewName=ProductDisplayErrorView&urlLangId=&langId=-20&top_category=3074457345616778220&parent_category_rn=3074457345616778220&storeId=10151,https://www.okeydostavka.ru/wcsstore/OKMarketCAS/cat_entries/972767/972767_thumbnail.jpg,Бакалея и консервы/Крупы и бобовые,"104,99","86,99"
